test_loss,accuracy,precision_macro,recall_macro,f1_macro
0.25914445877075193,0.9116049382716049,0.9118270501142192,0.9098,0.9093306679958151
