test_loss,accuracy,precision_macro,recall_macro,f1_macro
0.8150185489654541,0.7182716049382716,0.7218731252160341,0.7147111111111111,0.7090348453375407
