epoch,train_loss,train_accuracy,val_loss,val_accuracy,epoch_time_sec
1,1.3998424399088298,0.4639153439153439,1.269007484300269,0.5493827160493827,62.739569664001465
2,0.9352413991140941,0.6637566137566138,0.7577104514616507,0.7451851851851852,57.13604927062988
