model,accuracy,precision_macro,recall_macro,f1_macro
Baseline CNN,0.9116049382716048,0.9118270501142192,0.9098,0.9093306679958152
ResNet18,0.9819753086419754,0.9818717314245108,0.9808666666666668,0.9812914447490324
