test_loss,accuracy,precision_macro,recall_macro,f1_macro
0.05424420051374415,0.9819753086419754,0.9818717314245108,0.9808666666666668,0.9812914447490323
