epoch,train_loss,train_accuracy,val_loss,val_accuracy,epoch_time_sec
1,0.26949101087277527,0.9125925925925926,0.09839938989185072,0.9688888888888889,73.7771577835083
2,0.13332244271244953,0.955925925925926,0.08943767080198467,0.9711111111111111,82.9168176651001
3,0.10809946776776717,0.9638624338624339,0.07210776136475212,0.9785185185185186,83.44955849647522
4,0.09124055596334593,0.9704761904761905,0.06181007714505181,0.9775308641975309,76.6448872089386
5,0.07522581871244169,0.9753968253968254,0.07907733761762947,0.974320987654321,74.04122257232666
6,0.0698691541470942,0.9765608465608465,0.06431822103051538,0.9792592592592593,73.73573517799377
7,0.05556607231083843,0.9802116402116402,0.0865445737109554,0.9718518518518519,73.61985778808594
8,0.05459561087437487,0.9808994708994709,0.06524666098751311,0.9765432098765432,73.6418559551239
